code,name,latest_close,rsi,above_ma60,volatility,pullback_5d,pullback_20d,ret_3d,price,open,prev_close,gap_pct,volume_ratio,turnover,is_auction_signal,eps,profit_growth,roe,gross_margin,forecast_type,s_fund_flow,main_pct_1d,consecutive_inflow,s_lhb,lhb_count,inst_net_buy,s_chip,main_cost,inst_participation,is_hot_leader,s_gap,s_volume_ratio,s_auction,s_trend,s_rsi,s_forecast,s_fundamental,s_hot,s_turnover,total_score,sector
300773,拉卡拉,26.61,41.562064156206404,True,0.4006009890406464,-0.09304703476482623,-0.09304703476482623,-0.03482045701849845,27.05,27.71,26.61,4.133784291619698,4.666666666666667,4.247126436781609,0,0.44,-33.9,9.69,27.0852440686,,0.0,,,0.0,,,0.48952666152733093,26.848407831079,0.32613,0,1.3838393501749935,1.931738386448537,0.0,1.250733286387636,0.9715504394576003,0.0,-0.13966984053545828,0.0,0.1993579437684637,1.0017552826608453,其他
600475,华光环能,20.85,41.11747851002866,True,0.5265782718785873,-0.08552631578947367,-0.08552631578947367,-0.02478952291861547,21.43,21.4,20.85,2.6378896882493863,4.074712643678161,3.689655172413793,0,0.3604,-28.46,3.84,18.2866819967,,0.4445675328169725,-4.188063573504438,False,0.0,,,1.1374569008912816,20.906918391665,0.3860684,0,1.8420035201701719,1.2449702566703467,0.0,1.250733286387636,0.9715504394576003,0.0,-0.5107745994480519,0.0,0.1993579437684637,0.9757485518040596,其他
300657,弘信电子,30.85,50.76060848678944,True,0.4973021936527251,-0.09927007299270074,-0.1000583430571762,-0.05076923076923068,30.72,31.58,30.85,2.366288492706635,4.068965517241379,3.0344827586206895,1,0.1887,65.47,7.51,11.7215838932,,0.0,,,0.0,,,-0.12415328287679112,30.940518392413,0.3380804,0,1.2343425091375826,1.238302604924927,1.0,1.250733286387636,0.9715504394576003,0.0,0.15978777359417312,0.0,0.1993579437684637,0.9728836182208055,科技
000969,安泰科技,23.83,47.76674937965259,True,0.475213427522912,-0.10715623829149501,-0.10715623829149501,-0.10413533834586475,24.88,24.4,23.83,2.3919429290809915,4.672413793103448,4.362068965517241,0,0.2702,-17.19,5.12,17.2062910839,,0.11302324695110377,-3.6373399182670823,False,0.0,,,-0.08541966853151611,24.040977629507,0.2802048,0,1.29173990281827,1.938406038193956,0.0,1.250733286387636,0.9715504394576003,0.0,-0.37354179351488775,0.0,0.1993579437684637,0.9675109855460037,科技
300236,上海新阳,74.81,46.859903381642525,True,0.45402170538911385,-0.11341550130362643,-0.11905322656617989,-0.039172874389930556,76.37,76.66,74.81,2.4729314262799016,4.086206896551724,1.5977011494252875,0,0.6778,62.7,3.43,40.4563314914,,1.069421128175915,18.362789654662524,True,0.0,,,0.15290040936265872,75.527130465964,0.3259632,0,1.4729377506096037,1.258305560161185,0.0,1.250733286387636,0.9715504394576003,0.0,-0.12855248718923246,0.0,0.1993579437684637,0.918717049733919,其他
002617,露笑科技,8.56,40.35714285714286,True,0.4308535921434098,-0.09704641350210974,-0.09704641350210974,-0.05934065934065924,8.91,8.76,8.56,2.3364485981308327,4.459770114942529,4.82183908045977,0,0.1305,5.17,3.95,21.977478038,,0.0,,,0.0,,,-0.0823843145550498,8.610453950779,0.2807876,0,1.1675808718377065,1.6917029236134413,0.0,1.250733286387636,0.9715504394576003,0.0,-0.35210275057562296,0.0,0.1993579437684637,0.8946312788534929,科技
600577,精达股份,14.13,52.51641137855581,True,0.42453477409592544,-0.09306803594351731,-0.09306803594351731,-0.05611222444889774,14.67,14.45,14.13,2.2646850672328274,4.419540229885057,4.517241379310345,0,0.21,8.42,7.59,5.6969275064,,0.0,,,0.0,,,1.2416005833096337,14.177158571668,0.4060644,0,1.0070223011966344,1.6450293613955056,0.0,1.250733286387636,0.9715504394576003,0.0,-0.09135608651168257,0.0,0.1993579437684637,0.8771843342950725,其他
603220,中贝通信,25.37,50.12195121951219,True,0.4665863387942641,-0.10543018335684051,-0.10543018335684051,-0.060718252499074477,25.28,26.0,25.37,2.4832479306267206,4.017241379310345,3.2471264367816093,0,0.1959,-41.14,4.11,19.0876863193,,-0.48577863481166106,-29.42590686682014,False,0.0,,,-0.7336884818932677,25.558540850481,0.285514,0,1.496019156599672,1.1782937392161537,0.0,1.250733286387636,0.9715504394576003,0.0,-0.5495394439826284,0.0,0.1993579437684637,0.8483735992696478,科技
600353,旭光电子,17.71,46.61654135338347,True,0.5024235546768705,-0.11272545090180364,-0.11272545090180364,-0.08664259927797835,18.01,18.15,17.71,2.484472049689428,3.724137931034483,3.4655172413793105,0,0.1219,25.04,5.47,24.1165906214,,0.0,,,0.0,,,0.5917848375091235,17.941157055611,0.2812972,0,1.498757912685714,0.8382435001997681,0.0,1.250733286387636,0.9715504394576003,0.0,-0.15996737437519218,0.0,0.1993579437684637,0.8302159919562567,科技
300088,长信科技,6.34,46.0,True,0.33790660940016604,-0.07848837209302328,-0.07848837209302328,-0.05373134328358209,6.83,6.47,6.34,2.050473186119872,4.683908045977011,4.942528735632184,0,0.1159,-2.54,3.33,11.1398192139,,1.1946011321150847,5.499685785477021,True,0.0,,,0.5361027829081492,6.387690355184,0.3350728,0,0.5277600211018395,1.9517413416847942,0.0,1.250733286387636,0.9715504394576003,0.0,-0.4286980395130213,0.0,0.1993579437684637,0.8269247361145096,科技
605111,新洁能,42.14,47.025813692480355,True,0.5467136310388574,-0.14,-0.17177672955974843,-0.0859002169197397,42.18,43.1,42.14,2.2781205505458018,3.8793103448275863,2.166666666666667,0,0.81,0.7,8.14,34.1757141111,,0.0,,,0.0,,,-1.0804520246890204,42.62925471773,0.2834008,0,1.0370818867494838,1.0182700973260896,0.0,1.250733286387636,0.9715504394576003,0.0,-0.08888266725860419,0.0,0.1993579437684637,0.7478839204668718,其他
002537,海联金汇,8.71,43.90243902439024,False,0.29610581623279464,-0.10758196721311464,-0.10758196721311464,-0.04180418041804168,9.07,8.98,8.71,3.099885189437423,3.896551724137931,4.42528735632184,1,0.19,354.05,4.88,14.9502330398,,-0.37872562487097505,-27.424738385319248,False,0.0,,,-0.24272891956991868,8.774193676761,0.2500008,0,2.5404251532718662,1.0382730525623476,1.0,-0.7402299041886009,0.9715504394576003,0.0,1.279692736402231,0.0,0.1993579437684637,0.7304624683819305,其他
002815,崇达技术,14.68,48.25581395348837,True,0.4564073604709549,-0.10214067278287475,-0.10214067278287475,-0.05229180116204002,15.04,15.0,14.68,2.1798365122615824,3.9885057471264367,4.028735632183908,0,0.29,19.58,4.31,21.4297563212,,0.0,,,0.0,,,0.18037054663398044,14.723804482586,0.2667708,0,0.8171882373389687,1.1449554804890567,0.0,1.250733286387636,0.9715504394576003,0.0,-0.26295843861070034,0.0,0.1993579437684637,0.7262151237115178,其他
603009,北特科技,53.75,50.121773015099855,True,0.5316232760871059,-0.029433008306247843,-0.05169371912491183,0.02186311787072248,54.02,55.1,53.75,2.511627906976747,3.8448275862068964,1.8218390804597702,0,0.2737,52.39,5.5174,19.8612265277,,1.868520207410479,56.62341974581101,True,0.0,,,1.258196073890642,53.709976594666,0.4092508,0,1.559514477698962,0.9782641868535735,0.0,-0.07657550732985528,0.9715504394576003,0.0,-0.03376954949440636,0.0,0.1993579437684637,0.6802149847437718,科技
300409,道氏技术,27.14,35.57312252964431,True,0.4589609994358188,-0.09563478840386541,-0.16156935434043862,-0.06671251719394766,28.19,27.7,27.14,2.063375092114955,4.5344827586206895,4.1034482758620685,0,0.5629,182.45,5.48,21.2529569061,,0.6602109910940708,0.5071027215519965,True,0.0,,,0.09917443565017844,27.307878275396,0.3156476,0,0.5566258190802048,1.7783823963038918,0.0,1.250733286387636,-1.0226846731132633,0.0,0.5485801802738388,0.0,0.1993579437684637,0.5965692126890269,其他
600641,先导基电,18.07,51.24282982791586,True,0.46224695099127283,-0.07853136155022944,-0.09830339321357284,-0.03523758675920985,18.51,18.46,18.07,2.1582733812949675,3.3045977011494254,2.9367816091954024,0,0.0205,158.9302547394,0.23,26.2031903612,,0.0,,,0.0,,,0.793601502654061,18.211658436033,0.3200468,0,0.7689444365780154,0.35150492278415746,0.0,1.250733286387636,0.9715504394576003,0.0,0.08781482158321313,0.0,0.1993579437684637,0.5964513597271227,其他
002192,融捷股份,54.59,53.65141187925999,True,0.5303246654942494,-0.0936410426697658,-0.10654664484451715,-0.0658795345653661,54.9,55.6,54.59,1.850155706173288,3.850574712643678,1.7758620689655171,0,0.5545,-21.22,4.21,45.8595508715,,0.7147799044238168,4.1818571734934595,True,0.0,,,0.09135476616199328,54.973908800852,0.3794588,0,0.07958407640986678,0.9849318385989927,0.0,1.250733286387636,0.9715504394576003,0.0,-0.45319752840156385,0.0,0.1993579437684637,0.5390314385611171,其他
601369,陕鼓动力,11.32,52.12464589235128,True,0.414486437171822,-0.07213114754098349,-0.07213114754098349,-0.04553119730185495,11.69,11.59,11.32,2.385159010600703,2.5804597701149423,2.8965517241379315,0,0.36,-7.31,6.83,21.3097902499,,0.0,,,0.0,,,0.4177592650519397,11.424721475287,0.2478836,0,1.2765620507684765,-0.4886191971386776,0.0,1.250733286387636,0.9715504394576003,0.0,-0.21348383804799875,0.0,0.1993579437684637,0.5380815379053321,其他
300655,晶瑞电材,16.06,37.55364806866953,False,0.4370004528621973,-0.12622415669205655,-0.129067245119306,-0.09214245336348237,16.48,16.54,16.06,2.9887920298879234,4.160919540229885,4.114942528735632,0,0.1212,19202.65,5.01,25.5276078434,,0.0,,,0.0,,,-0.2317541462356544,16.254376672977,0.252108,0,2.627087220805846,1.3449850328516362,0.0,-0.7402299041886009,-1.0226846731132633,0.0,1.944818996417346,0.0,0.1993579437684637,0.5351874052079799,其他
600361,创新新材,4.66,53.33333333333332,True,0.46907439473103946,-0.039175257731958624,-0.0968992248062015,-0.035196687370600444,4.82,4.75,4.66,1.9313304721030013,3.5747126436781604,4.712643678160919,0,0.1743,-10.28,6.46,3.4163773799,,-0.031159814348169612,-11.742434989297546,False,0.0,,,0.8286174461245082,4.679174898241,0.32677,0,0.2611986684834101,0.6648845548188652,0.0,1.250733286387636,0.9715504394576003,0.0,-0.25185875708893896,0.0,0.1993579437684637,0.5238989087266904,其他
600596,新安股份,12.65,54.963680387409205,True,0.5350190446709432,-0.09642857142857142,-0.09900284900284895,-0.07326007326007322,12.96,12.92,12.65,2.1343873517786527,3.195402298850575,3.390804597701149,0,0.0529,-46.21,0.57,10.7940750835,,0.0,,,0.0,,,0.4950972510974784,12.822184354377,0.2627328,0,0.7155035494109578,0.2248195396211903,0.0,1.250733286387636,0.9715504394576003,0.0,-0.8117087790230246,0.0,0.1993579437684637,0.5139297730351582,其他
000682,东方电子,13.82,51.977401129943516,True,0.3621775866508689,-0.03424178895877006,-0.03424178895877006,-0.012151536812008534,14.41,14.03,13.82,1.519536903039067,4.25287356321839,4.367816091954023,0,0.3692,17.53,9.26,32.1242853013,,0.0,,,0.0,,,0.4306612106288923,13.843661902681,0.3148276,0,-0.6601186917515571,1.4516674607783446,0.0,1.250733286387636,0.9715504394576003,0.0,0.06253444467498986,0.0,0.1993579437684637,0.4751933065679075,科技
000970,中科三环,14.21,52.08333333333334,True,0.4803832701896015,-0.07667316439246263,-0.08617363344051443,-0.05266666666666664,14.12,14.46,14.21,1.7593244194229414,3.275862068965517,3.333333333333333,0,0.0751,314.8,1.39,11.0060618496,扭亏,0.0,,,0.0,,,-0.5652045903604255,14.309529746304,0.2533968,0,-0.12363532190614206,0.31816666405706057,0.0,1.250733286387636,0.9715504394576003,0.5,0.9671971719100053,0.0,0.1993579437684637,0.42446398287592535,其他
002036,联创电子,10.98,52.83018867924528,False,0.3797623926319097,-0.07341772151898729,-0.0796311818943839,0.019498607242339983,11.24,11.23,10.98,2.2768670309653913,4.281609195402299,4.551724137931035,0,0.0481,210.26,2.35,13.0530225518,,0.0,,,0.0,,,0.7176841312055846,11.052273271182,0.305470363636,0,1.034277352056405,1.485005719505443,0.0,-0.7402299041886009,0.9715504394576003,0.0,0.46199550926693367,0.0,0.1993579437684637,0.41474498472654275,科技
603328,依顿电子,12.06,59.06040268456376,True,0.49928813894989554,-0.10334572490706306,-0.10334572490706306,-0.05263157894736836,12.27,12.35,12.06,2.4046434494195617,3.022988505747126,3.32183908045977,0,0.367,0.06,8.78,22.9394093325,,0.0,,,0.0,,,0.5948118583243636,12.09650494887,0.2818784,0,1.3201551349904004,0.024789987258610213,0.0,1.250733286387636,-1.0226846731132633,0.0,-0.04848488345708382,0.0,0.1993579437684637,0.4107979297794333,科技
300428,立中集团,23.96,55.000000000000014,True,0.49868452266349944,-0.11879367414490627,-0.11879367414490627,-0.07632999228989978,24.23,24.49,23.96,2.2120200333889715,3.3620689655172415,2.5632183908045976,0,0.98,26.77,8.22,9.2591457735,,0.1343082648193042,-7.470769099826584,False,0.0,,,0.5023491846541555,24.1761662302,0.2641252,0,0.8891933363878783,0.41818144023835063,0.0,1.250733286387636,-1.0226846731132633,0.0,0.033763373033934424,0.0,0.1993579437684637,0.39267074700746674,其他
601678,滨化股份,5.38,52.5974025974026,True,0.49156206995660073,-0.08658743633276733,-0.08658743633276733,-0.06271777003484325,5.36,5.47,5.38,1.672862453531596,3.6436781609195403,4.67816091954023,0,0.1,1.63,1.69,10.2373703172,,0.0,,,0.0,,,-0.4704107148373237,5.434592524481,0.2715976,0,-0.3170791154962566,0.7448963757638972,0.0,1.250733286387636,0.9715504394576003,0.0,-0.5208399730163529,0.0,0.1993579437684637,0.3852637779022438,其他
002258,利尔化学,15.63,42.59681093394077,True,0.5359295589388541,-0.08543007606787589,-0.13407202216066483,-0.06126126126126108,15.56,15.95,15.63,2.047344849648103,2.454022988505747,2.2586206896551726,0,0.4763,189.07,4.86,18.4244494396,,0.0,,,0.0,,,-1.5650295165448616,15.720370389969,0.19036,0,0.5207609057279667,-0.6353075355379024,0.0,1.250733286387636,0.9715504394576003,0.0,0.5364267738281271,0.0,0.1993579437684637,0.3630690278623976,制造
002215,诺普信,11.33,47.6608187134503,True,0.4650864464645475,-0.06130903065451532,-0.0877616747181964,-0.028301886792452824,11.23,11.55,11.33,1.9417475728155398,2.597701149425287,2.9770114942528734,0,0.586,18.03,14.39,35.7574454963,,0.0,,,0.0,,,-0.027192785435004085,11.238337260109,0.3566972,0,0.2845051415582427,-0.4686162419024196,0.0,1.250733286387636,0.9715504394576003,0.0,0.41166599036332285,0.0,0.1993579437684637,0.3502375207373036,其他
300185,通裕重工,3.07,50.0,True,0.28836679775818935,-0.037617554858934255,-0.037617554858934255,-0.022292993630573354,3.27,3.11,3.07,1.3029315960912065,4.195402298850574,4.954022988505747,0,0.0217,53.29,1.22,13.9347599974,,0.0,,,0.0,,,0.9832330027966993,3.073975391415,0.3564568,0,-1.1447358509357601,1.3849909433241516,0.0,1.250733286387636,0.9715504394576003,0.0,-0.32030612098411937,0.0,0.1993579437684637,0.34295944804435075,其他
000680,山推股份,12.7,47.63636363636361,True,0.43816863493897684,-0.07501820830298622,-0.07636363636363641,-0.059259259259259345,13.12,12.91,12.7,1.653543307086621,2.557471264367816,2.6896551724137927,1,0.5595,15.67,14.94,20.5260005357,,0.9049455266175306,23.246802757112512,True,0.0,,,0.09595966128887568,12.865139672457,0.1860968,0,-0.3603023864306157,-0.5152898041203547,1.0,1.250733286387636,0.9715504394576003,0.0,0.4382432819231309,0.0,0.1993579437684637,0.34063792295810624,其他
300777,中简科技,40.44,36.54188948306593,True,0.45380742547017733,-0.11432325886990802,-0.15538847117794496,-0.08795669824086616,40.68,41.27,40.44,2.0524233432245436,3.5114942528735633,1.8620689655172415,0,0.6613,25.45,6.44,63.9010854947,,0.0,,,0.0,,,0.3713813136687163,40.651972035201,0.3679124,0,0.5321231625656644,0.5915403856192529,0.0,1.250733286387636,-1.0226846731132633,0.0,-0.09253363558025013,0.0,0.1993579437684637,0.3350092244981924,科技
300850,新强联,47.5,59.98603351955306,True,0.49591924914519087,-0.04001616814874687,-0.04001616814874687,0.029921942758022624,47.53,48.18,47.5,1.4315789473684206,4.373563218390805,2.9080459770114944,0,1.78,1939.5,12.07,28.8797396334,,0.12894479128100506,-3.4981977367688954,False,0.0,,,-0.31589919397121224,47.747810359179,0.3657312,0,-0.8569095054457907,1.5916881474321514,0.0,1.250733286387636,-1.0226846731132633,0.0,2.4222058061580016,0.0,0.1993579437684637,0.33089169749812736,其他
601609,金田股份,11.33,46.418338108882516,True,0.48862534882065184,-0.07736156351791523,-0.11206896551724133,-0.06518151815181517,11.46,11.51,11.33,1.5887025595763433,3.3160919540229883,3.775862068965517,0,0.4,104.37,6.85,2.6855810357,,0.0,,,0.0,,,0.11341151289506772,11.42689223799,0.2539144,0,-0.5053724186499773,0.3648402262749957,0.0,1.250733286387636,0.9715504394576003,0.0,0.2900924987894062,0.0,0.1993579437684637,0.32181399016803486,其他
002643,万润股份,16.64,47.7453580901857,True,0.38547529925890905,-0.07811634349030472,-0.07811634349030472,-0.05775764439411091,16.96,16.95,16.64,1.8629807692307616,2.810344827586207,2.494252873563218,0,0.33,3.27,4.3,39.1959875751,,0.0,,,0.0,,,0.23719020645150668,16.819797584154,0.2776804,0,0.10827795151777093,-0.22191312732190435,0.0,1.250733286387636,0.9715504394576003,0.0,-0.33698054876726935,0.0,0.1993579437684637,0.32108560251522805,其他
002079,苏州固锝,10.47,41.36986301369864,True,0.5081587661089574,-0.09193408499566336,-0.14878048780487807,-0.04032997250229142,10.69,10.65,10.47,1.719197707736387,3.074712643678161,3.5977011494252875,0,0.0772,58.69,2.04,10.4997366197,,0.0,,,0.0,,,-0.1773177705286822,10.487945389067,0.26256,0,-0.21341194510597222,0.08479885296738424,0.0,1.250733286387636,0.9715504394576003,0.0,-0.24057517583396976,0.0,0.1993579437684637,0.30619717058693957,其他
300827,上能电气,37.54,43.487621097954765,True,0.3631684901547509,-0.04356687898089173,-0.04356687898089173,0.018448182311448624,37.84,37.94,37.54,1.0655301012253557,4.413793103448276,3.4195402298850572,0,0.62,2.99,13.66,24.169412789,,0.0,,,0.0,,,0.9602376443943434,37.316429544973,0.3520416,0,-1.6758809075786492,1.6383617096500864,0.0,1.250733286387636,0.9715504394576003,0.0,0.2946697185361442,0.0,0.1993579437684637,0.3022331119135731,能源
300360,炬华科技,17.51,47.413793103448285,True,0.27850490977401027,-0.04264625478403483,-0.04264625478403483,-0.022333891680625273,18.2,17.74,17.51,1.313535122786961,3.6724137931034484,3.3850574712643677,0,0.93,-11.45,11.71,43.3599615628,,1.7831251610903238,32.531219939739415,True,0.0,,,0.6262987080157215,17.536159091879,0.287924,0,-1.1210122817534627,0.7782346344909941,0.0,1.250733286387636,0.9715504394576003,0.0,0.09787703685407617,0.0,0.1993579437684637,0.2919648158403943,科技
002171,楚江新材,12.85,47.812499999999986,False,0.43240015203215876,-0.07420749279538907,-0.12286689419795227,-0.06272793581327507,13.15,13.1,12.85,1.9455252918287937,3.8563218390804597,4.045977011494253,0,0.237,2089.49,4.51,3.0997177882,预增,0.1985006407697542,-9.110123369368896,False,0.0,,,0.37038120561238885,12.913394457233,0.3032536,0,0.29295713879781154,0.9915994903444124,0.0,-0.7402299041886009,0.9715504394576003,1.0,2.111009732271407,0.0,0.1993579437684637,0.2795802859615914,其他
301078,孩子王,9.83,31.103678929765863,False,0.4103786306720341,-0.1254448398576512,-0.1254448398576512,-0.1087941976427923,9.87,10.22,9.83,3.9674465920651123,4.241379310344827,4.6609195402298855,0,0.166,59.29,5.01,28.6118802084,,-0.6283724975736616,-23.288746017389933,False,0.0,,,-0.7331966966717087,10.341257075162,0.3500752,0,1.5699153622525337,1.4383321572875065,0.0,-0.7402299041886009,-1.0226846731132633,0.0,-0.03704995214589227,0.0,0.1993579437684637,0.2692268857141657,其他
002245,蔚蓝锂芯,17.19,54.54545454545455,False,0.31958202477402425,-0.04340567612687796,-0.0642351660315732,0.007620164126612039,17.84,17.5,17.19,1.8033740546829478,4.649425287356322,4.620689655172414,0,0.4452,82.05,7.13,19.8090480204,,-0.7331219029025801,-18.872278174065784,False,0.0,,,0.7288236738659788,17.160436671742,0.3076092,0,-0.025081831210999207,1.911735431212279,0.0,-0.7402299041886009,0.9715504394576003,0.0,0.20865284531445044,0.0,0.1993579437684637,0.2679723062940065,科技
603118,共进股份,11.3,42.29691876750702,False,0.41354651617687616,-0.10812943962115229,-0.10812943962115229,-0.07377049180327855,11.78,11.55,11.3,2.2123893805309733,3.1666666666666665,3.5229885057471266,0,0.11,529.94,1.73,11.9924289244,,0.0,,,0.0,,,-0.38897381579088075,11.342652162477,0.2219212,0,0.8900196871603125,0.1914812808940934,0.0,-0.7402299041886009,0.9715504394576003,0.0,1.7230302236199875,0.0,0.1993579437684637,0.24467624154294657,其他
002396,星网锐捷,28.67,51.88781014023733,False,0.4305195964296354,-0.08781419026407888,-0.08781419026407888,-0.05690789473684199,29.92,29.26,28.67,2.0579002441576555,3.9080459770114944,2.7873563218390807,0,0.5925,31.06,5.07,31.2047454411,,0.0,,,0.0,,,0.5076365754518705,28.733242792215,0.2651404,0,0.5443767874132635,1.0516083560531864,0.0,-0.7402299041886009,0.9715504394576003,0.0,-0.159942899257892,0.0,0.1993579437684637,0.2395553482252021,其他
301293,三博脑科,70.77,37.79385171790235,False,0.47070070310919887,-0.09152759948652134,-0.1251081715910496,-0.07791530944625413,75.18,72.36,70.77,2.2467147096227267,4.712643678160919,3.005747126436782,0,0.41,-20.01,3.59,24.873744441,,0.0,,,0.0,,,-0.10081310060571502,70.887978849263,0.2772492,0,0.9668167135439388,1.9850796004118911,0.0,-0.7402299041886009,-1.0226846731132633,0.0,-0.4896796567091056,0.0,0.1993579437684637,0.23882099589854233,其他
300260,新莱应材,53.07,49.36260623229462,False,0.3646161885683577,-0.09359521776259605,-0.0954491222089654,-0.04773012739996407,53.83,54.2,53.07,2.1292632372338467,3.7701149425287355,1.7586206896551724,0,0.3561,-26.66,7.16,23.8123937703,,0.0,,,0.0,,,0.00437222696585135,53.652087056753,0.2974452,0,0.7040392234947136,0.8915847141631223,0.0,-0.7402299041886009,0.9715504394576003,0.0,-0.2781865015354151,0.0,0.1993579437684637,0.23585667366437907,其他
300747,锐科激光,32.12,55.01618122977345,True,0.5492039094631253,-0.04404761904761911,-0.04404761904761911,-0.017737003058104106,32.87,32.55,32.12,1.338729763387297,4.540229885057471,3.9655172413793105,0,0.219,2.49,3.69,19.6938884851,,1.5622577586969195,39.38984423349615,True,0.0,,,0.9783601867699634,31.849668462276,0.3555212,0,-1.064643602119307,1.785050048049311,0.0,1.250733286387636,-1.0226846731132633,0.0,-0.3817355040848761,0.0,0.1993579437684637,0.22140712598462867,其他
600114,东睦股份,31.95,50.95948827292111,True,0.4623778366335142,-0.11740331491712719,-0.11740331491712719,-0.07978110599078336,32.13,32.45,31.95,1.564945226917069,2.8505747126436782,1.528735632183908,0,0.67,50.1,14.07,25.0629088277,,0.0,,,0.0,,,-0.4081618717720033,32.250479675329,0.3480164,0,-0.5585253687109056,-0.1752395651039692,0.0,1.250733286387636,0.9715504394576003,0.0,0.5342465659511215,0.0,0.1993579437684637,0.219897948217832,其他
301622,英思特,66.83,49.095744680851055,True,0.4709196955779073,-0.07833402289339408,-0.09798893237953843,-0.04732715609408422,70.59,68.3,66.83,2.1996109531647448,2.6839080459770113,0.5632183908045977,0,1.06,-10.9,8.1,25.6233477506,,0.0,,,0.0,,,0.15829183596645308,67.022489638416,0.2625316,0,0.861430151399058,-0.3686014657211295,0.0,1.250733286387636,0.9715504394576003,0.0,-0.14375250517350088,0.0,-4.983948594211581,0.21008227715308633,其他
301029,怡合达,27.12,45.790554414784395,False,0.41448475783314004,-0.11948051948051952,-0.11948051948051952,-0.06256481161424121,28.17,27.7,27.12,2.1386430678466013,3.4942528735632186,2.4827586206896552,0,0.66,27.16,9.88,39.4732983218,,0.0,,,0.0,,,-0.245249700840697,27.364574992484,0.2495168,0,0.7250249829353922,0.5715374303829949,0.0,-0.7402299041886009,0.9715504394576003,0.0,0.14776395652823193,0.0,0.1993579437684637,0.2085044013616936,其他
300180,华峰超纤,6.54,48.87218045112781,False,0.28338237727548216,-0.07234042553191489,-0.07234042553191489,-0.022421524663677195,6.84,6.68,6.54,2.1406727828746126,3.6091954022988504,4.488505747126437,0,0.0541,-23.01,2.04,16.3663369618,,0.0,,,0.0,,,0.41860729291589804,6.547580157439,0.3125132,0,0.7295661215837869,0.7048904652913812,0.0,-0.7402299041886009,0.9715504394576003,0.0,-0.6079793488675214,0.0,0.1993579437684637,0.20358760252484132,其他
300184,力源信息,10.27,40.7017543859649,False,0.409210469977731,-0.113126079447323,-0.113126079447323,-0.06805807622504534,10.66,10.48,10.27,2.0447906523855974,3.6839080459770113,4.160919540229885,0,0.1351,55.49,4.09,9.7782538644,,0.0,,,0.0,,,-0.11657110848353866,10.328557295632,0.2742236,0,0.515046328191557,0.7915699379818324,0.0,-0.7402299041886009,0.9715504394576003,0.0,-0.11634756436202666,0.0,0.1993579437684637,0.19369780712425821,科技
000712,锦龙股份,12.04,42.045454545454525,False,0.31115643929567094,-0.08231707317073167,-0.09812734082397012,-0.03602882305844679,12.28,12.34,12.04,2.4916943521594743,2.1494252873563218,2.4367816091954024,0,0.17,258.58,6.15,,,0.0,,,0.0,,,-0.20068200002451791,12.102164005141,0.1936072,0,1.5149165735935262,-0.9886930780451265,0.0,-0.7402299041886009,0.9715504394576003,0.0,0.9362405268247982,0.0,0.1993579437684637,0.15474773252226787,其他
300674,宇信科技,21.99,47.53577106518282,False,0.38517499698098573,-0.10427698574338096,-0.10427698574338096,-0.04598698481561836,22.34,22.5,21.99,2.319236016371085,2.8045977011494254,2.0114942528735633,0,0.41,6.48,6.4,33.8553194836,,0.0,,,0.0,,,0.056371153014302317,22.269837747154,0.3074292,0,1.1290706774561685,-0.2285807790673235,0.0,-0.7402299041886009,0.9715504394576003,0.0,-0.18054629791690047,0.0,0.1993579437684637,0.15367997808953918,科技
300079,数码视讯,5.62,41.86046511627906,False,0.49730160776524884,-0.1259720062208397,-0.21727019498607236,-0.058626465661641536,5.89,5.74,5.62,2.1352313167259807,3.310344827586207,4.454022988505747,0,0.0172,10.34,0.58,49.5934304993,,0.0,,,0.0,,,-0.2284021321326111,5.643144355886,0.2527516,0,0.7173917759783871,0.35817257452957657,0.0,-0.7402299041886009,0.9715504394576003,0.0,-0.5567277469219007,0.0,0.1993579437684637,0.1483915301060279,其他
300226,上海钢联,26.58,41.40061791967043,False,0.5110580069039986,-0.11957601854918853,-0.15939278937381407,-0.07868284228769507,26.78,27.16,26.58,2.182091798344627,3.063218390804598,2.0517241379310343,0,0.5257,31.78,8.09,1.2331920615,,-0.18175153936262417,-17.68787986122329,False,0.0,,,-0.16227433122596346,26.744500647401,0.2654484,0,0.8222340524674774,0.071463549476546,0.0,-0.7402299041886009,0.9715504394576003,0.0,0.04750288977701958,0.0,0.1993579437684637,0.14734789440587942,制造
600867,通化东宝,8.69,49.62406015037595,True,0.29637379671551806,-0.044004400440044056,-0.06054054054054059,-0.011376564277588153,8.83,8.8,8.69,1.2658227848101407,2.5919540229885056,3.4022988505747125,0,0.61,1911.3460780171,17.77,71.8865047393,,0.0,,,0.0,,,0.22665292408159216,8.736313855343,0.2756572,0,-1.2277604404859215,-0.4752838936478387,0.0,1.250733286387636,0.9715504394576003,0.0,2.8076314174217036,0.0,0.1993579437684637,0.1386756438214971,其他
002706,良信股份,11.2,53.284671532846716,True,0.5294206561800666,-0.04761904761904767,-0.06510851419031727,-0.02183406113537123,11.5,11.33,11.2,1.1607142857142927,3.528735632183908,3.9770114942528734,0,0.29,-2.08,6.85,30.4385946545,,0.0,,,0.0,,,0.7148406293292315,11.26027161321,0.3049244,0,-1.462922648446996,0.6115433408555109,0.0,1.250733286387636,0.9715504394576003,0.0,-0.1886122040186915,0.0,0.1993579437684637,0.13763855626112023,其他
000795,英洛华,10.26,51.4018691588785,True,0.46032389133796325,-0.06215722120658129,-0.08474576271186451,-0.04646840148698883,10.27,10.44,10.26,1.7543859649122777,2.160919540229885,2.7413793103448274,0,0.183,-3.16,7.37,19.7249660687,,0.0,,,0.0,,,-0.8821959600962528,10.354388264195,0.1925332,0,-0.13468426539437536,-0.975357774554288,0.0,1.250733286387636,0.9715504394576003,0.0,-0.15830731969707718,0.0,0.1993579437684637,0.12975367808075888,其他
000672,上峰水泥,14.65,44.466800804828985,True,0.427671072199309,-0.0608974358974359,-0.09062693978895087,0.018068102849200907,14.55,14.88,14.65,1.56996587030717,2.5517241379310347,2.522988505747126,0,0.54,30.56,5.9,29.8579400134,,0.0,,,0.0,,,-0.30427039618997115,14.673898542847,0.3034972,0,-0.5472925417258613,-0.5219574558657738,0.0,1.250733286387636,0.9715504394576003,0.0,-0.10606801632663454,0.0,0.1993579437684637,0.12898313545934945,制造
002468,申通快递,13.16,52.94117647058823,False,0.2958708733521628,-0.0725863284002819,-0.0725863284002819,-0.030213706705969012,13.2,13.46,13.16,2.279635258358668,2.655172413793103,2.752873563218391,0,0.5057,15.81,7.56,5.6830499589,,0.0,,,0.0,,,0.9962014849542156,13.180381451535,0.3589468,0,1.0404707852377473,-0.40193972444822645,0.0,-0.7402299041886009,0.9715504394576003,0.0,-0.0601518781166452,0.0,0.1993579437684637,0.12545712837177647,其他
002488,金固股份,12.11,32.1321321321321,True,0.4550895271143408,-0.09626865671641793,-0.11991279069767447,-0.0365950676213207,12.45,12.34,12.11,1.8992568125516136,2.8620689655172415,3.0977011494252875,0,0.04,29.77,1.18,14.3146406148,预增,0.0,,,0.0,,,0.23236322281151223,11.988705016476,0.2767536,0,0.18943936583540827,-0.16190426161313035,0.0,1.250733286387636,-1.0226846731132633,1.0,-0.22878009283487816,0.0,0.1993579437684637,0.11579624894440362,其他
603556,海兴电力,38.24,50.05476451259586,True,0.34525947743857527,-0.04352176088044013,-0.061364752086401575,-0.023991832567636484,39.82,38.75,38.24,1.3336820083681957,2.9942528735632186,1.396551724137931,0,1.51,-7.48,10.02,39.89112121,,0.0,,,0.0,,,0.15804379571074623,38.519734700693,0.1980172,0,-1.075937086716171,-0.008548271468486036,0.0,1.250733286387636,0.9715504394576003,0.0,0.0014547787157503378,0.0,0.1993579437684637,0.11509427042411954,能源
603283,赛腾股份,44.93,38.56975381008206,False,0.5380818339698429,-0.15098261526832957,-0.15955854844743733,-0.08771573604060912,46.01,46.14,44.93,2.6930781215223702,3.7816091954022992,1.9482758620689655,0,1.44,-15.61,12.15,46.1831220066,,0.4621880154731975,-7.771587411160459,False,0.0,,,0.15335040006884718,45.548252851809,0.3260496,0,1.9654781576545544,0.9049200176539612,0.0,-2.067538697906092,-1.0226846731132633,0.0,0.10892170631817455,0.0,0.1993579437684637,0.10128233462360899,其他
600509,天富能源,8.89,58.750000000000036,True,0.2915686173109672,-0.042025862068965414,-0.042025862068965414,-0.031590413943355045,9.06,9.03,8.89,1.5748031496062858,3.5517241379310343,4.195402298850574,0,0.2723,-24.23,4.9,22.1646724893,,0.0,,,0.0,,,0.9251592022147033,8.87915239154,0.3453064,0,-0.5364699603904818,0.6382139478371881,0.0,1.250733286387636,-1.0226846731132633,0.0,-0.42007668709719387,0.0,0.1993579437684637,0.09748060495668123,能源
603638,艾迪精密,22.01,43.74209860935525,True,0.4187225110827204,-0.12345679012345667,-0.14854932301740809,-0.07598656591099906,22.17,22.4,22.01,1.7719218537028487,1.8333333333333333,1.2873563218390804,0,0.38,12.63,8.9,28.5746266704,,0.5096250836215717,4.470399398937896,True,0.0,,,-0.32197311624583935,22.165300440481,0.2347856,0,-0.09545072707898085,-1.3554139240431895,0.0,1.250733286387636,0.9715504394576003,0.0,0.016156518090104904,0.0,0.1993579437684637,0.09449287160243805,其他
002276,万马股份,16.14,31.903485254691716,False,0.34072389011268667,-0.08865047995482778,-0.09325842696629216,-0.051146384479717866,16.89,16.46,16.14,1.9826517967781925,4.32183908045977,4.275862068965518,0,0.409,61.57,7.02,12.5873314406,,0.0,,,0.0,,,-0.40832549944729346,16.194738665513,0.2182056,0,0.3760213148909055,1.5316792817233773,0.0,-0.7402299041886009,-1.0226846731132633,0.0,0.10911642943334587,0.0,0.1993579437684637,0.09104310409942794,其他
300493,润欣科技,17.58,37.499999999999986,False,0.46103526314339055,-0.1478429471643239,-0.18723994452149795,-0.08437500000000009,18.09,18.04,17.58,2.6166097838452838,2.9080459770114944,2.5804597701149423,0,0.09,24.09,4.09,9.7689574895,,0.0,,,0.0,,,-0.31139625136010274,17.679594430551,0.2368164,0,1.794393390181483,-0.10856304764977608,0.0,-0.7402299041886009,-1.0226846731132633,0.0,-0.257553084964885,0.0,0.1993579437684637,0.09059034732960379,科技
601677,明泰铝业,17.09,59.444444444444414,True,0.42989745597591805,-0.017816091954022895,-0.07621621621621621,-0.004659289458357696,17.38,17.38,17.09,1.6968987712112298,4.235632183908046,4.183908045977011,0,1.12,-0.49,7.9,6.8118378749,,0.0,,,0.0,,,1.43573615709477,17.006228694503,0.4433392,0,-0.2633019843848884,1.4316645055420874,0.0,-0.07657550732985528,-1.0226846731132633,0.0,-0.11046253346003707,0.0,0.1993579437684637,0.08206955442630376,制造
301316,慧博云通,44.62,53.362734288864395,False,0.5085920662339289,-0.130214424951267,-0.130214424951267,-0.062211013030685214,44.15,45.5,44.62,1.9722097714029643,3.0804597701149428,1.3505747126436782,0,0.184,94.05,7.03,21.3228541055,,0.0,,,0.0,,,-0.3664877324822111,44.727925917423,0.356018,0,0.3526590771656293,0.091466504712804,0.0,-0.7402299041886009,0.9715504394576003,0.0,0.255854885709285,0.0,0.1993579437684637,0.07719152156381791,其他
300634,彩讯股份,25.71,31.362467866323925,False,0.5365264918573892,-0.14811133200795223,-0.22090909090909083,-0.07948442534908695,26.09,26.38,25.71,2.6059898872034153,2.833333333333333,1.8563218390804597,0,0.44,0.61,6.98,35.4398722334,,-0.2294907302768939,-21.856313237312257,False,0.0,,,-0.19936731513191958,25.88281721315,0.2583264,0,1.7706331960572872,-0.19524252034022724,0.0,-0.7402299041886009,-1.0226846731132633,0.0,-0.16772488927636237,0.0,0.1993579437684637,0.07474421672925645,其他
001287,中电港,22.0,36.834733893557434,False,0.5129567808663948,-0.12315663611000394,-0.1881918819188192,-0.07872696817420433,22.58,22.53,22.0,2.409090909090914,3.17816091954023,2.4310344827586206,0,0.339,73.06,4.85,2.8760199748,,0.0,,,0.0,,,-0.2045942905107482,22.210277871396,0.2573228,0,1.3301055618838464,0.20481658438493228,0.0,-0.7402299041886009,-1.0226846731132633,0.0,0.014054650801972893,0.0,0.1993579437684637,0.06572108167968692,其他
605020,永和股份,28.95,58.322056833558875,True,0.3750009216020578,-0.06492248062015504,-0.06492248062015504,-0.05268324607329844,29.11,29.45,28.95,1.7271157167530224,2.586206896551724,1.4597701149425288,0,1.09,220.39,15.36,26.0327949671,预增,0.0,,,0.0,,,-0.41985342568092104,29.270000433022,0.2813048,0,-0.19569676033000355,-0.4819515453932578,0.0,1.250733286387636,-1.0226846731132633,1.0,1.5872670822075394,0.0,0.1993579437684637,0.057737982374786646,其他
002416,爱施德,13.35,55.2278820375335,True,0.35719267050717124,-0.07931034482758625,-0.07931034482758625,-0.045064377682403456,13.57,13.58,13.35,1.7228464419475689,2.9137931034482762,3.063218390804598,0,0.2721,-35.78,5.61,5.070535037,,1.011593688603477,8.453767038387165,True,0.0,,,0.6901744721011205,13.435440434596,0.3001884,0,-0.20524852920006928,-0.10189539590435631,0.0,1.250733286387636,-1.0226846731132633,0.0,-0.42400777923808225,0.0,0.1993579437684637,0.05481510980898332,其他
300446,航天智造,22.48,38.8235294117647,False,0.357375133751392,-0.09646302250803851,-0.09646302250803851,-0.09427880741337635,22.9,23.01,22.48,2.3576512455516063,3.103448275862069,2.3505747126436782,0,0.7697,21.43,11.68,18.9448204276,略增,0.0,,,0.0,,,0.04509430258560562,22.62290522861,0.305264,0,1.2150181525997743,0.11813711169448113,0.0,-0.7402299041886009,-1.0226846731132633,1.0,0.44370954843914084,0.0,0.1993579437684637,0.052167558228522794,其他
600100,同方股份,8.51,38.58267716535432,False,0.4121070418748169,-0.11721991701244816,-0.14985014985014988,-0.08983957219251337,8.81,8.69,8.51,2.115158636897764,3.8333333333333335,4.431034482758621,0,0.1,9.52,1.99,26.5222264085,,0.0,,,0.0,,,0.3485651182327134,8.572240023523,0.3635316,0,0.67248260356413,0.9649288833627353,0.0,-0.7402299041886009,-1.0226846731132633,0.0,-0.4650731547339949,0.0,0.1993579437684637,0.04469577511672942,其他
002881,美格智能,45.86,48.23759791122715,False,0.4349595956266427,-0.08243297318927567,-0.08243297318927567,-0.049139539705577384,45.46,46.7,45.86,1.8316615787178443,3.2413793103448274,1.4195402298850572,0,0.43,23.88,6.49,13.1342023085,,0.0,,,0.0,,,0.7953264670277835,45.160659020219,0.320378,0,0.03820664371748557,0.27816075358454456,0.0,-0.7402299041886009,0.9715504394576003,0.0,-0.09621298519579918,0.0,0.1993579437684637,0.043943663874351835,科技
002541,鸿路钢构,23.19,49.78768577494693,True,0.5369290032179252,-0.08158415841584155,-0.08158415841584155,-0.0626515763945027,23.2,23.5,23.19,1.3367830961621332,2.6034482758620694,1.8275862068965518,0,0.722,-24.29,5.08,10.4243411457,,0.0,,,0.0,,,-0.5829000582232275,23.375679628691,0.2499992,0,-1.0689989355773324,-0.4619485901569998,0.0,1.250733286387636,0.9715504394576003,0.0,-0.408175171470776,0.0,0.1993579437684637,0.007117670262065518,制造
002941,新疆交建,15.79,39.849624060150376,False,0.23968602880794343,-0.05051112447384243,-0.07930029154518947,-0.038953134510042675,16.65,16.08,15.79,1.8366054464851118,3.9770114942528734,3.873563218390805,0,0.67,147.73,11.02,11.6408859641,,0.0,,,0.0,,,-0.22342515159055382,15.876511023133,0.2537072,0,0.04926769843731406,1.131620176998218,0.0,-0.7402299041886009,-1.0226846731132633,0.0,0.7670512959493361,0.0,0.1993579437684637,0.0037225539666664396,其他
600120,浙江东方,6.13,40.25974025974027,False,0.32072070377395917,-0.08779761904761907,-0.09852941176470587,-0.051083591331269385,6.36,6.22,6.13,1.4681892332789537,3.8045977011494254,4.666666666666667,0,0.24,96.78,4.99,4.6570981427,,0.0,,,0.0,,,0.05862943970647047,6.160827623356,0.3078628,0,-0.7750002807601988,0.9315906246356384,0.0,-0.7402299041886009,0.9715504394576003,0.0,0.13018987370231982,0.0,0.1993579437684637,-0.0019243152650088473,其他
600888,新疆众和,9.17,56.12648221343874,True,0.5024713256879023,-0.04079497907949792,-0.0956607495069034,-0.035751840168243953,9.17,9.29,9.17,1.308615049073056,3.758620689655172,4.333333333333334,0,0.383,-39.15,4.68,8.9121004656,,0.0,,,0.0,,,-0.27616472666594677,9.193039000268,0.3088936,0,-1.1320201013669655,0.8782494106722835,0.0,1.250733286387636,-1.0226846731132633,0.0,-0.5020478705632746,0.0,0.1993579437684637,-0.006445841209938559,其他
300576,容大感光,37.16,32.961460446247415,False,0.39917189824783766,-0.13076023391812874,-0.15353075170842834,-0.08427796944307542,38.11,38.0,37.16,2.260495156081818,3.1321839080459766,1.5919540229885056,0,0.27,-6.02,6.11,37.166773696,,-0.26201272787857854,-16.577180867967606,False,0.0,,,-0.14544342884032901,37.560339572369,0.26868,0,0.9976480948678618,0.15147537042157738,0.0,-0.7402299041886009,-1.0226846731132633,0.0,-0.2563680598965682,0.0,0.1993579437684637,-0.01500847250648505,其他
002987,京北方,17.55,32.08955223880602,False,0.2739446919199447,-0.11274014155712841,-0.12903225806451601,-0.04723127035830621,18.14,17.99,17.55,2.507122507122494,2.4770114942528734,2.0804597701149423,0,0.28,7.94,8.49,22.9139287239,,0.12401565167266282,-1.0560352391983434,False,0.0,,,-0.5130170872162361,17.685628198725,0.1981044,0,1.5494344196010201,-0.6086369285562253,0.0,-0.7402299041886009,-1.0226846731132633,0.0,-0.03265796677795363,0.0,0.1993579437684637,-0.015165981875695553,其他
002249,大洋电机,9.98,30.80808080808083,False,0.280718952136523,-0.08524289642529781,-0.10090090090090087,-0.04497607655502378,10.26,10.17,9.98,1.903807615230456,3.764367816091954,4.235632183908046,0,0.35,25.95,9.0,22.6661910267,,0.0,,,0.0,,,-0.04290387995792666,10.01098337666,0.288368,0,0.19962100495267793,0.8849170624177033,0.0,-0.7402299041886009,-1.0226846731132633,0.0,0.08281829239795735,0.0,0.1993579437684637,-0.03126566255521776,制造
000778,新兴铸管,5.09,51.785714285714285,True,0.4048655062677362,-0.043233082706766957,-0.043233082706766957,-0.03598484848484851,5.11,5.15,5.09,1.1787819253438212,2.7586206896551726,4.2011494252873565,0,0.1764,44.67,2.72,7.8740890614,,-0.30439131022887667,-9.801670227749192,False,0.0,,,-0.1596858823432326,5.113275772895,0.331258,0,-1.4224994089899239,-0.2819219930306784,0.0,1.250733286387636,0.9715504394576003,0.0,-0.25764239184555904,0.0,0.1993579437684637,-0.03257669187048351,其他
002077,大港股份,15.62,32.150776053215054,False,0.36537393208265484,-0.09919261822376013,-0.1638115631691649,-0.05790108564535579,16.18,15.96,15.62,2.1766965428937364,3.218390804597701,3.028735632183908,0,0.1042,52.38,1.82,18.6634719372,,0.0,,,0.0,,,-0.47544911312041416,15.694074055342,0.2053176,0,0.8101630953587811,0.25149014660286745,0.0,-0.7402299041886009,-1.0226846731132633,0.0,-0.2838272659118145,0.0,0.1993579437684637,-0.03314991471877076,其他
000935,四川双马,26.97,43.90624999999999,True,0.2980912134244169,-0.07826384142173626,-0.08669150016931937,-0.06386671294689339,28.01,27.34,26.97,1.3718946978123878,2.21264367816092,1.2413793103448276,0,0.39,20.03,3.85,39.3602705387,,0.0,,,0.0,,,0.5355175070412848,27.158000795064,0.3994272,0,-0.990442759434106,-0.9153489088455136,0.0,1.250733286387636,0.9715504394576003,0.0,-0.29203931562906316,0.0,0.1993579437684637,-0.04022105990562638,其他
300913,兆龙互连,53.55,55.338266384778,False,0.47280117088137424,-0.07401002939650703,-0.07401002939650703,-0.049183238636363646,55.07,54.56,53.55,1.8860877684407191,3.7183908045977008,1.6954022988505746,0,0.44,53.82,10.82,20.4409677555,,-0.5070470443102901,-2.278596715222564,False,0.0,,,0.3553272211488957,53.760474981765,0.2358964,0,0.15997589222010414,0.8315758484543484,0.0,-0.7402299041886009,-1.0226846731132633,0.0,0.3312151559019663,0.0,0.1993579437684637,-0.04091536656682358,其他
002588,史丹利,10.72,47.66355140186917,True,0.4340721571217691,-0.06375545851528375,-0.06701479547432543,-0.032490974729241784,10.61,10.87,10.72,1.3992537313432702,2.057471264367816,2.609195402298851,0,0.7076,22.71,11.48,18.0067769401,,0.0,,,0.0,,,-0.9492090306738907,10.758110451188,0.2441332,0,-0.9292316224837397,-1.0953755059718358,0.0,1.250733286387636,0.9715504394576003,0.0,0.23594199139132777,0.0,0.1993579437684637,-0.04760759728541605,其他
603300,海南华铁,6.97,42.944785276073596,False,0.2914390497990575,-0.09480519480519489,-0.09480519480519489,-0.05040871934604907,7.11,7.08,6.97,1.5781922525107652,3.2873563218390807,4.264367816091954,0,0.27,8.83,8.23,39.6339933607,,0.0,,,0.0,,,-0.21741902563712115,7.008290882974,0.2548604,0,-0.5288874249258864,0.33150196754789946,0.0,-0.7402299041886009,0.9715504394576003,0.0,-0.04623646205306017,0.0,0.1993579437684637,-0.054286660411768196,其他
300045,华力创通,25.61,36.73469387755102,False,0.4644713822771126,-0.11628709454796415,-0.15450643776824036,-0.10859728506787336,25.71,26.06,25.61,1.7571261226083534,4.011494252873563,3.2011494252873565,0,0.0142,132.6,0.59,30.2561386715,,0.0,,,0.0,,,-0.8871664333489069,26.024762076209,0.3205124,0,-0.12855363333784572,1.1716260874707338,0.0,-0.7402299041886009,-1.0226846731132633,0.0,-0.006249429508235094,0.0,0.1993579437684637,-0.058055108590089104,其他
301522,上大股份,38.1,42.30465666929757,False,0.4824882511712743,-0.11846367422489579,-0.11988911988911988,-0.08435472242249453,38.92,38.79,38.1,1.8110236220472382,2.7988505747126435,1.1954022988505746,0,0.2059,-38.6,4.1,11.4108683651,,0.0,,,0.0,,,-0.12142934147812959,38.369633774846,0.2732908,0,-0.007967238511001186,-0.23524843081274324,0.0,-0.7402299041886009,0.9715504394576003,0.0,-0.5387932718664626,0.0,0.1993579437684637,-0.06315111988594511,其他
600320,振华重工,5.36,51.785714285714285,True,0.3498964350509727,-0.0513274336283186,-0.0513274336283186,-0.041144901610017826,5.4,5.42,5.36,1.1194029850746194,2.672413793103448,4.172413793103448,0,0.097,21.02,3.32,11.3919561557,,0.0,,,0.0,,,0.9989722610617651,5.381817612668,0.3594788,0,-1.5553495859043598,-0.3819367692119684,0.0,1.250733286387636,0.9715504394576003,0.0,-0.32342511443277644,0.0,0.1993579437684637,-0.06542111899502492,其他
300401,花园生物,15.75,30.46251993620413,False,0.5170897606470187,-0.1116751269035533,-0.19928825622775803,-0.08376963350785349,15.36,16.06,15.75,1.96825396825396,3.431034482758621,3.35632183908046,0,0.43,-3.07,7.09,55.2495936401,,0.0,,,0.0,,,-0.5981119866222832,15.947529393531,0.376012,0,0.3438086472690803,0.49819326118338264,0.0,-0.7402299041886009,-1.0226846731132633,0.0,-0.17683577841962272,0.0,0.1993579437684637,-0.07640469257129118,医药
300035,中科电气,19.67,37.34061930783245,False,0.35944026796218226,-0.1159550561797752,-0.12461059190031143,-0.07041587901701318,20.02,20.08,19.67,2.084392475851533,3.0,2.4770114942528734,0,0.5861,118.85,8.37,18.4807992215,,-0.6478873402240926,-31.12588674570998,False,0.0,,,-0.11732734286477223,19.889219180294,0.2740784,0,0.6036486041791701,-0.0018806197230669152,0.0,-0.7402299041886009,-1.0226846731132633,0.0,0.45798909295004686,0.0,0.1993579437684637,-0.08381042444438272,能源
300337,银邦股份,13.71,30.87557603686639,False,0.5147795886576116,-0.12115384615384606,-0.16300366300366287,-0.09145129224652082,13.87,13.98,13.71,1.9693654266958391,3.4252873563218387,3.545977011494253,0,0.0778,-41.6,3.73,9.3425552093,,0.1739605718276605,-5.515011547344111,False,0.0,,,-0.2786031786466146,13.781414159364,0.2431128,0,0.3462953445723207,0.49152560943796286,0.0,-0.7402299041886009,-1.0226846731132633,0.0,-0.5773031006404629,0.0,0.1993579437684637,-0.08760642897304705,其他
600619,海立股份,17.67,35.59870550161814,False,0.2890219364444058,-0.06951026856240106,-0.11782326510234642,-0.028587135788894935,18.18,17.97,17.67,1.697792869269933,3.264367816091954,2.902298850574713,1,0.05,143.64,0.9,12.8193520546,,0.0,,,0.0,,,-0.29635281205738395,17.766081503259,0.2397048,0,-0.2613015935941632,0.30483136056622234,1.0,-0.7402299041886009,-1.0226846731132633,0.0,0.06435909602834744,0.0,0.1993579437684637,-0.10268634027765511,其他
301510,固高科技,33.37,36.38516179952644,False,0.48946069331105374,-0.15089058524173027,-0.18430701539965777,-0.07766721945826427,33.51,34.2,33.37,2.487264009589468,2.620689655172414,1.3160919540229885,1,0.11,52.67,3.18,48.3668938366,,-0.20844589164381475,-25.777244494372376,False,0.0,,,-1.0660023231236333,33.749052535639,0.2861752,0,1.5050044432734404,-0.4419456349207418,1.0,-2.067538697906092,-1.0226846731132633,0.0,-0.19056194001528046,0.0,0.1993579437684637,-0.11017400323097458,科技
002151,北斗星通,41.59,36.593317033414834,False,0.4287387773235657,-0.11529461816634745,-0.11529461816634745,-0.0889375684556406,41.79,42.16,41.59,1.3705217600384543,4.35632183908046,3.0919540229885056,0,0.03,128.44,0.35,37.4486003281,,1.2410942819895037,22.77329021211833,True,0.0,,,-0.07832814832843402,41.669513386715,0.2815664,0,-0.9935144718178683,1.5716851921958934,0.0,-0.7402299041886009,-1.0226846731132633,0.0,-0.04118535928261341,0.0,0.1993579437684637,-0.1277489274811294,其他
603025,大豪科技,15.96,45.86894586894587,False,0.36564992323263823,-0.08328546812176907,-0.15196599362380447,-0.052818991097922874,16.62,16.28,15.96,2.0050125313283225,1.6379310344827585,1.5459770114942528,0,0.54,22.07,24.31,44.0552337026,,-0.7361695098412936,-36.68031455124456,False,0.0,,,-0.6191586450384529,16.101619205507,0.1777248,0,0.4260496166331361,-1.5821140833874463,0.0,-0.7402299041886009,0.9715504394576003,0.0,1.1006096350708356,0.0,0.1993579437684637,-0.13089723765978556,科技
002063,远光软件,6.15,37.5838926174497,False,0.31337594875928604,-0.09158050221565717,-0.10218978102189769,-0.06676783004552345,6.39,6.26,6.15,1.7886178861788524,3.545977011494253,4.5,0,0.0648,11.89,3.32,51.0706692339,,0.0,,,0.0,,,-0.2809177141770564,6.173394661779,0.2426684,0,-0.05809622297112071,0.6315462960917689,0.0,-0.7402299041886009,-1.0226846731132633,0.0,-0.3644826431940533,0.0,0.1993579437684637,-0.13290543311817435,科技
600728,佳都科技,6.15,31.481481481481495,False,0.34154986485746114,-0.11891117478510027,-0.152892561983471,-0.0639269406392694,6.28,6.28,6.15,2.1138211382113803,2.528735632183908,3.9080459770114944,0,0.0892,197.8504308164,2.45,9.6842960159,,0.0,,,0.0,,,-0.29926316861546426,6.200410050336,0.239146,0,0.6694901800499461,-0.5486280628474509,0.0,-0.7402299041886009,-1.0226846731132633,0.0,0.4129516398977959,0.0,0.1993579437684637,-0.14384472618554753,科技
002158,汉钟精机,25.09,47.21274175199091,False,0.44964728577345064,-0.10711743772242,-0.11280056577086284,-0.07587476979742169,25.05,25.56,25.09,1.8732562774013508,2.1206896551724137,1.339080459770115,0,0.7327,-45.69,9.16,34.8994394434,,-0.9967285720931552,-46.891589353331916,False,0.0,,,-1.0175972015630135,25.45282416899,0.2310024,0,0.13126763560710733,-1.0220313367722234,0.0,-0.7402299041886009,0.9715504394576003,0.0,-0.22852718562275529,0.0,0.1993579437684637,-0.16264887708374445,其他
600751,海航科技,4.0,50.0,True,0.4995599279271201,-0.07621247113163976,-0.09706546275395023,-0.05882352941176472,4.06,4.04,4.0,1.0000000000000009,2.540229885057471,4.344827586206897,0,0.0334,-13.29,1.29,3.7659130175,,0.0,,,-0.15464918793834684,1.0,0.0,0.8641312959781919,4.025206827624,0.3335888,0,-1.8224932502971447,-0.5352927593566127,0.0,1.250733286387636,0.9715504394576003,0.0,-0.6149824915749715,0.0,0.1993579437684637,-0.170816065654186,科技
300678,中科信息,29.79,33.5714285714286,False,0.40224468891156234,-0.11785608528279545,-0.15176537585421412,-0.0748447204968945,31.1,30.38,29.79,1.9805303793219198,2.942528735632184,1.764367816091954,0,0.0152,-27.07,0.53,29.4363852062,,0.0,,,0.0,,,-0.27478867409554425,30.137409791137,0.2438452,0,0.37127500781473555,-0.06855713717726006,0.0,-0.7402299041886009,-1.0226846731132633,0.0,-0.728341110462384,0.0,0.1993579437684637,-0.17265629726068496,科技
600258,首旅酒店,16.78,40.632603406326034,True,0.3124021237441213,-0.0455062571103525,-0.07190265486725644,-0.014101057579318343,16.69,16.99,16.78,1.2514898688915213,1.896551724137931,1.7816091954022988,0,0.6759,4.36,6.32,40.7017580941,,0.0,,,0.0,,,-0.7618421958035821,17.074323654972,0.2156416,0,-1.2598278773053682,-1.2820697548435769,0.0,1.250733286387636,0.9715504394576003,0.0,-0.19548940131649462,0.0,0.1993579437684637,-0.1736416394297757,消费
000927,中国铁物,2.85,46.9387755102041,True,0.31283529348792943,-0.043624161073825496,-0.07166123778501621,-0.03389830508474578,2.88,2.88,2.85,1.0526315789473615,2.3160919540229887,4.528735632183908,0,0.0748,2.74,4.78,5.5843891349,,0.0,,,0.0,,,0.7272092525877386,2.848539716002,0.371766,0,-1.704739135071387,-0.7953311774279659,0.0,1.250733286387636,0.9715504394576003,0.0,-0.30690706047122907,0.0,0.1993579437684637,-0.1745895406773134,其他
600416,湘电股份,14.11,43.39622641509435,False,0.3433353802396749,-0.07048748353096179,-0.10412698412698418,-0.035543403964456655,14.46,14.3,14.11,1.346562721474141,3.1436781609195403,3.195402298850575,0,0.15,19.53,2.65,14.8022049335,,0.0,,,0.0,,,0.16782510111791107,14.143329435531,0.3288288,0,-1.0471187041860863,0.16481067391241627,0.0,-0.7402299041886009,0.9715504394576003,0.0,-0.3754300451303172,0.0,0.1993579437684637,-0.17958470215412303,其他
300083,创世纪,8.12,30.60109289617482,False,0.31128510908788315,-0.10867178924259058,-0.1585492227979276,-0.07200000000000006,8.38,8.27,8.12,1.8472906403940934,2.96551724137931,3.8793103448275863,0,0.21,72.56,6.63,25.3289560291,,-0.25668037537267885,-21.720383704176697,False,0.0,,,-0.279898985217213,8.185817411443,0.242864,0,0.07317398397790549,-0.04188653019558293,0.0,-0.7402299041886009,-1.0226846731132633,0.0,0.13216713561051405,0.0,0.1993579437684637,-0.19100894870262583,其他
603063,禾望电气,29.05,42.10526315789475,False,0.2844058470889935,-0.05681818181818177,-0.0736607142857143,-0.03456297773346628,29.28,29.41,29.05,1.2392426850258156,3.1551724137931036,1.9770114942528736,0,0.74,31.99,7.18,36.8992159631,,0.0,,,0.0,,,0.2092284126678676,29.121670056846,0.3367784,0,-1.287228847007526,0.17814597740325516,0.0,-0.7402299041886009,0.9715504394576003,0.0,-0.013085602837168642,0.0,0.1993579437684637,-0.20509879940388998,能源
300130,新国都,24.74,30.743243243243242,False,0.3238482721545988,-0.12269503546099292,-0.12517680339462522,-0.03996895615056273,25.3,25.24,24.74,2.021018593371059,2.390804597701149,1.482758620689655,0,0.72,37.1,9.32,35.268410616,,0.3421263121150333,-6.720131738798771,False,0.0,,,0.0003618931259765923,24.893998924306,0.2966752,0,0.4618604304408713,-0.7086517047375154,0.0,-0.7402299041886009,-1.0226846731132633,0.0,0.1545976722386789,0.0,0.1993579437684637,-0.20589410376750666,其他
002947,恒铭达,46.11,51.25506072874496,False,0.38347658312306,-0.07558139534883723,-0.10743321718931476,-0.037570444583594154,46.65,46.98,46.11,1.8867924528301832,2.632183908045977,0.896551724137931,0,1.61,31.24,12.7,33.3899519727,,0.0,,,0.0,,,0.5611689318750949,46.491240454443,0.3398856,0,0.16155250246920494,-0.42861033142990357,0.0,-0.7402299041886009,0.9715504394576003,0.0,0.3567959300074941,0.0,-4.983948594211581,-0.22720766641971768,其他
002017,东信和平,21.18,30.879345603271958,False,0.35196690293304655,-0.10783487784330237,-0.1595238095238095,-0.04119511090991401,21.53,21.55,21.18,1.7469310670443863,2.982758620689655,2.3160919540229887,0,0.1937,-5.45,6.35,33.7243799543,,0.4445979549031953,-14.742422247578926,False,0.0,,,-0.14465386181419254,21.294699616894,0.2688316,0,-0.1513633185424848,-0.021883574959324924,0.0,-0.7402299041886009,-1.0226846731132633,0.0,-0.23757632817837657,0.0,0.1993579437684637,-0.2301344126721109,其他
002226,江南化工,6.07,47.87234042553191,True,0.3081457545981123,-0.051562499999999956,-0.05451713395638624,-0.041074249605055235,6.14,6.14,6.07,1.1532125205930708,1.7298850574712643,3.264367816091954,0,0.2508,-11.4,6.78,30.2372110231,,0.0,,,0.0,,,0.4432733214347675,6.119416261167,0.2527824,0,-1.4797065590221365,-1.4754316554607372,0.0,1.250733286387636,0.9715504394576003,0.0,-0.23525745806978016,0.0,0.1993579437684637,-0.2467573391838344,制造
600163,中闽能源,6.28,58.227848101265856,True,0.3008679541728624,-0.06824925816023741,-0.06824925816023741,-0.02635658914728678,6.51,6.35,6.28,1.1146496815286528,2.8793103448275863,4.091954022988506,0,0.17,-19.82,4.7761,52.1203672915,,1.006046573205634,13.311832854028715,True,0.0,,,0.5992992656444103,6.269502563291,0.28274,0,-1.5659842859200017,-0.14190130637687232,0.0,1.250733286387636,-1.0226846731132633,0.0,-0.40862289199272933,0.0,0.1993579437684637,-0.25199827056471097,能源
000420,吉林化纤,4.28,31.250000000000043,False,0.3778031588917847,-0.10647181628392477,-0.14910536779324057,-0.06550218340611347,4.35,4.36,4.28,1.8691588785046744,2.718390804597701,4.350574712643678,0,0.0133,-47.41,0.74,10.9377751294,,0.0,,,0.0,,,-0.16537843378254158,4.285958604802,0.2648524,0,0.1221004095528084,-0.3285955552486135,0.0,-0.7402299041886009,-1.0226846731132633,0.0,-0.8056100185358076,0.0,0.1993579437684637,-0.256172033157492,其他
000837,秦川机床,11.41,31.932773109243698,False,0.3011769479979521,-0.1029874213836478,-0.13033536585365846,-0.07008964955175223,11.83,11.63,11.41,1.9281332164767802,2.522988505747126,2.82183908045977,0,0.0472,-15.33,0.98,17.1838024824,,0.0,,,0.0,,,-0.3301833633434734,11.466897718767,0.2332092,0,0.25404535834250047,-0.5552957145928707,0.0,-0.7402299041886009,-1.0226846731132633,0.0,-0.6451180971935375,0.0,0.1993579437684637,-0.26049330769887585,其他
002010,传化智联,6.26,38.93129770992366,False,0.2909317109830736,-0.09143686502177062,-0.09143686502177062,-0.04863221884498481,6.41,6.37,6.26,1.757188498402561,2.637931034482759,3.9827586206896552,0,0.2305,168.36,3.57,14.8523018524,,0.0,,,0.0,,,0.17695616253098648,6.297810644052,0.330582,0,-0.12841407821513612,-0.4219426796844838,0.0,-0.7402299041886009,-1.0226846731132633,0.0,0.3560661866091466,0.0,0.1993579437684637,-0.26449884394710915,其他
600458,时代新材,13.83,40.68965517241381,False,0.29809457252670296,-0.07305630026809651,-0.07922769640479355,-0.055972696245733755,14.24,14.08,13.83,1.8076644974692697,1.5747126436781609,1.7873563218390802,0,0.5,40.52,6.37,15.3529825186,,-0.851940215572627,-43.37503981278391,False,0.0,,,-0.46421392849784626,14.000266388957,0.2074748,0,-0.01548270262062607,-1.655458252587059,0.0,-0.7402299041886009,0.9715504394576003,0.0,-0.029497276653513586,0.0,0.1993579437684637,-0.2649855362415424,其他
002906,华阳集团,31.22,50.39525691699603,False,0.269007213719084,-0.07496296296296301,-0.07496296296296301,-0.03163771712158814,31.35,31.68,31.22,1.4734144778987857,2.2988505747126435,1.103448275862069,0,1.07,20.8,8.47,18.9035211747,,-0.3185961357285103,-10.108086881372856,False,0.0,,,-0.6573608916463466,31.572034103755,0.3001692,0,-0.7633096936763142,-0.8153341326642242,0.0,-0.7402299041886009,0.9715504394576003,0.0,0.02382096822795271,0.0,0.1993579437684637,-0.2665041540308788,其他
000801,四川九洲,16.18,54.22885572139304,False,0.3367268433883954,-0.0754285714285714,-0.07963594994311707,-0.05158264947245017,16.34,16.38,16.18,1.2360939431396742,2.67816091954023,2.442528735632184,0,0.0989,-18.37,3.22,20.2672507993,,1.1803180050087572,17.931357175927946,True,0.0,,,0.6454316461899592,16.289150301759,0.2915976,0,-1.2942736159901869,-0.3752691174665487,0.0,-0.7402299041886009,0.9715504394576003,0.0,-0.5073234467698172,0.0,0.1993579437684637,-0.2834252522150792,其他
002807,江阴银行,4.47,40.740740740740634,False,0.1926022002760226,-0.03663793103448276,-0.05696202531645578,-0.02826086956521734,4.55,4.53,4.47,1.342281879194642,2.3793103448275863,4.166666666666667,0,0.5194,13.38,6.79,,,0.0,,,0.0,,,0.1033389329727287,4.500484493894,0.3164472,0,-1.0566963532919125,-0.7219870082283536,0.0,-0.7402299041886009,0.9715504394576003,0.0,-0.1231458332792554,0.0,0.1993579437684637,-0.2993937554961383,金融
301487,盟固利,22.76,39.93506493506492,False,0.442154463103737,-0.10499410145497434,-0.10499410145497434,-0.06452938758734061,22.91,23.18,22.76,1.845342706502628,2.442528735632184,1.7183908045977012,0,0.0176,-18.87,0.39,5.6031712387,,0.0,,,0.0,,,-0.6428967357580568,22.936353893246,0.2384796,0,0.06881581657165683,-0.648642839028741,0.0,-0.7402299041886009,-1.0226846731132633,0.0,-0.7009323773868318,0.0,0.1993579437684637,-0.31126997115635807,其他
002075,沙钢股份,5.53,42.14876033057853,False,0.36364235890263696,-0.06745362563237767,-0.09492635024549922,-0.04982817869415812,5.57,5.6,5.53,1.2658227848101156,2.494252873563218,4.0344827586206895,0,0.1053,119.3,3.56,9.6921789044,,-0.5206554927595042,-34.64832713022264,False,0.0,,,-0.8313488361687726,5.570653796599,0.3312296,0,-1.2277604404859774,-0.5886339733199676,0.0,-0.7402299041886009,0.9715504394576003,0.0,0.13476761786201671,0.0,0.1993579437684637,-0.3157896498071193,制造
600850,电科数字,25.83,31.826086956521706,False,0.3202862760553857,-0.104679376083189,-0.11145510835913319,-0.07286432160804024,26.29,26.3,25.83,1.8195896244676828,2.3448275862068964,1.4137931034482758,0,0.3714,-15.68,5.27,17.592097165,,0.0,,,0.0,,,0.28669139613179206,26.004320943215,0.3516516,0,0.011197720173783288,-0.7619929187008699,0.0,-0.7402299041886009,-1.0226846731132633,0.0,-0.35660855770708333,0.0,0.1993579437684637,-0.31652350975286164,其他
300607,拓斯达,27.55,32.76492082825824,False,0.3362359318383497,-0.10927901713546717,-0.15697674418604646,-0.05228758169934644,28.12,28.0,27.55,1.6333938294010864,2.2528735632183907,1.2758620689655173,0,0.1,446.75,1.75,28.3398816622,,0.0,,,0.0,,,-0.132024955976624,27.577300076775,0.2712564,0,-0.40538338085592623,-0.8686753466275787,0.0,-0.7402299041886009,-1.0226846731132633,0.0,1.4849178180042264,0.0,0.1993579437684637,-0.3348927289439515,其他
300573,兴齐眼药,71.06,50.31667839549615,False,0.29868110970626693,-0.02883695503621697,-0.02883695503621697,0.010667045939411146,70.65,72.13,71.06,1.5057697720236325,3.367816091954023,0.9827586206896552,0,2.44,105.98,32.91,81.3276689432,,2.0157391719028843,48.49314447062446,True,0.0,,,1.207395039768387,70.361356071031,0.3994968,0,-0.6909202820580341,0.42484909198376974,0.0,-2.067538697906092,0.9715504394576003,0.0,2.0594715017499583,0.0,-4.983948594211581,-0.33994852733697045,医药
002979,雷赛智能,36.3,32.11845102505691,False,0.30047670591028175,-0.10104011887072817,-0.14608327452364156,-0.04196357878068102,37.19,37.21,36.3,2.5068870523416082,1.7241379310344829,0.6896551724137931,0,0.51,11.01,10.23,39.0832539547,,-0.08091588843323438,-31.713253144663707,False,0.0,,,-0.36534722042567713,36.343305851455,0.2264576,0,1.5489076299824414,-1.4820993072061563,0.0,-0.7402299041886009,-1.0226846731132633,0.0,0.09880403513305905,0.0,-4.983948594211581,-0.3452086065242867,科技
300925,法本信息,19.48,33.551554828150586,False,0.42912871550482656,-0.12331233123312324,-0.16609589041095885,-0.06120481927710841,19.79,19.89,19.48,2.1047227926078036,1.528735632183908,1.2126436781609196,0,0.2,-22.7,3.93,18.2403421125,,0.0,,,0.0,,,-0.5094879934371466,19.641004888845,0.198782,0,0.6491341949551634,-1.7087994665504136,0.0,-0.7402299041886009,-1.0226846731132633,0.0,-0.4787862631542522,0.0,0.1993579437684637,-0.35184337641611135,科技
002544,普天科技,29.01,30.09079118028538,False,0.3859523070685697,-0.10269099907206924,-0.12037598544572459,-0.08370183196462411,29.27,29.43,29.01,1.4477766287487008,2.5114942528735633,1.4022988505747127,1,0.0258,-3.8,0.47,14.8069277751,,0.0,,,0.0,,,0.014672014240832837,29.078533466493,0.2994228,0,-0.8206699762925566,-0.568631018083709,1.0,-0.7402299041886009,-1.0226846731132633,0.0,-0.6277532392163135,0.0,0.1993579437684637,-0.35211005295756315,科技
002004,华邦健康,5.33,39.3258426966292,True,0.26550550032677717,-0.05830388692579502,-0.11166666666666669,-0.051601423487544484,5.37,5.41,5.33,1.5009380863039414,1.5229885057471266,3.2873563218390807,0,0.3101,35.37,6.38,37.0080193041,,0.0,,,0.0,,,-0.35882027189563725,5.359132645613,0.2277108,0,-0.701730348720487,-1.7154671182958325,0.0,1.250733286387636,-1.0226846731132633,0.0,-0.051980595545904416,0.0,0.1993579437684637,-0.35697426254340253,医药
002320,海峡股份,9.99,34.14634146341466,False,0.2901321893916992,-0.05397727272727271,-0.0918181818181818,-0.01962708537782132,10.04,10.15,9.99,1.601601601601603,2.6666666666666665,3.258620689655172,0,0.0852,-32.11,2.96,36.2097874843,,0.0,,,0.0,,,-0.39671115598895557,9.970343671078,0.2204356,0,-0.47651302831203085,-0.38860442095738756,0.0,-0.7402299041886009,-1.0226846731132633,0.0,-0.5866929218672109,0.0,0.1993579437684637,-0.36326325279467464,其他
002091,江苏国泰,8.75,49.38271604938273,False,0.26503395290043424,-0.05200433369447455,-0.06115879828326187,-0.04475982532751088,8.79,8.88,8.75,1.4857142857142946,1.67816091954023,2.597701149425287,0,0.57,5.37,5.87,15.6543041519,,-0.9957703289988411,-37.72774454272175,False,0.0,,,-1.0510173446587365,8.83669332366,0.2245856,0,-0.7357909869278297,-1.5354405211695108,0.0,-0.7402299041886009,0.9715504394576003,0.0,-0.22137577803481767,0.0,0.1993579437684637,-0.3891480901548421,其他
603613,国联股份,25.27,36.38211382113821,False,0.2537868051351278,-0.07807369573148493,-0.0962088698140201,-0.05426646706586824,25.82,25.67,25.27,1.582904629996051,2.32183908045977,1.4367816091954022,0,1.53,-1.73,13.16,6.0673398443,,-0.24465141321445483,-42.30023601262318,False,0.0,,,0.40309732529378106,25.619315686853,0.374002,0,-0.5183442899394821,-0.7886635256825467,0.0,-0.7402299041886009,-1.0226846731132633,0.0,0.23963465638875667,0.0,0.1993579437684637,-0.39269691755245956,其他
300047,天源迪科,12.72,39.10761154855643,False,0.4035759206898495,-0.11235170969993014,-0.11235170969993014,-0.054977711738484425,12.92,12.94,12.72,1.729559748427664,2.0689655172413794,2.2988505747126435,0,0.0605,19.75,1.18,8.1150447563,,0.0,,,0.0,,,-0.4519391820123704,12.801497492084,0.2098316,0,-0.1902286593688112,-1.0820402024809967,0.0,-0.7402299041886009,-1.0226846731132633,0.0,-0.47383994367693677,0.0,0.1993579437684637,-0.408659661480644,其他
603730,岱美股份,9.45,41.83908045977011,True,0.5255589248914455,-0.16371681415929218,-0.19161676646706594,-0.09569377990430628,9.62,9.55,9.45,1.0582010582010732,2.310344827586207,2.988505747126437,0,0.21,-28.62,9.37,28.0420690673,,0.0,,,0.0,,,-0.018323137632378916,9.589121428141,0.2930876,0,-1.6922783821373932,-0.8019988291733856,0.0,-0.07657550732985528,0.9715504394576003,0.0,-0.13756365657028932,0.0,0.1993579437684637,-0.4109520889223129,其他
002649,博彦科技,12.32,33.33333333333333,False,0.36118663415007984,-0.126241134751773,-0.1578947368421053,-0.06311787072243347,12.57,12.55,12.32,1.8668831168831204,1.6494252873563218,2.0,0,0.3129,2.65,4.36,23.0900061294,,0.0,,,0.0,,,-0.3218127028922444,12.472767377739,0.2348164,0,0.11700878392480177,-1.5687787798966077,0.0,-0.7402299041886009,-1.0226846731132633,0.0,-0.3357115715529978,0.0,0.1993579437684637,-0.41811007989089743,科技
002139,拓邦股份,12.34,35.028248587570644,False,0.2562473673204985,-0.07910447761194028,-0.12482269503546095,-0.0441518202943455,12.66,12.53,12.34,1.539708265802265,2.396551724137931,2.6034482758620694,0,0.34,-23.86,6.12,21.9768689705,,0.0,,,0.0,,,-0.4163711666107197,12.47855075184,0.2166608,0,-0.6149887332250653,-0.7019840529920955,0.0,-0.7402299041886009,-1.0226846731132633,0.0,-0.33591819587336247,0.0,0.1993579437684637,-0.4228879349175867,其他
300595,欧普康视,15.15,35.55555555555557,False,0.2325418203535978,-0.06307977736549175,-0.0762195121951218,-0.011096605744125299,15.41,15.42,15.15,1.7821782178217793,1.603448275862069,1.6724137931034484,0,0.495,-15.41,9.13,73.1710566311,,0.0,,,0.0,,,-0.28505096214501024,15.352334035971,0.2418748,0,-0.07250387451607744,-1.6221199938599624,0.0,-0.7402299041886009,-1.0226846731132633,0.0,-0.09438685090289531,0.0,0.1993579437684637,-0.4491983598352334,医药
002882,金龙羽,30.14,36.57142857142855,False,0.3073996066531867,-0.06975308641975297,-0.11352941176470588,-0.02333117303953336,31.17,30.6,30.14,1.526211015262113,2.1724137931034484,1.0747126436781609,0,0.2425,-17.0,4.89,10.7407750246,,0.0,,,0.0,,,-0.3980673779784405,30.201076455208,0.2201752,0,-0.6451865123364535,-0.9620224710634491,0.0,-0.7402299041886009,-1.0226846731132633,0.0,-0.3882396267126393,0.0,0.1993579437684637,-0.4675947031679788,其他
603327,福蓉科技,9.79,34.848484848484844,False,0.3002285006636352,-0.09099350046425259,-0.10018382352941191,-0.050436469447138865,10.07,9.96,9.79,1.7364657814096192,1.6839080459770115,2.3850574712643677,0,0.0817,-42.69,3.91,11.2366852583,,0.0,,,0.0,,,-0.6303771633385693,9.856819846,0.1755708,0,-0.17477759710211813,-1.5287728694240916,0.0,-0.7402299041886009,-1.0226846731132633,0.0,-0.570033485849107,0.0,0.1993579437684637,-0.475545024099008,科技
300031,宝通科技,20.83,30.798479087452463,False,0.3100735536919296,-0.1079229122055676,-0.14067656765676573,-0.06297795771479986,21.19,21.15,20.83,1.536245799327894,1.8448275862068966,1.367816091954023,0,0.5007,-12.16,5.29,38.5077075316,,0.0,,,0.0,,,-0.08163641333504221,21.006507618081,0.2809312,0,-0.6227354070726464,-1.3420786205523505,0.0,-0.7402299041886009,-1.0226846731132633,0.0,-0.3394267784621992,0.0,0.1993579437684637,-0.5138874325207857,科技
601311,骆驼股份,9.19,38.82352941176471,False,0.22140532403954,-0.062244897959183754,-0.062244897959183754,-0.04668049792531126,9.37,9.32,9.19,1.4145810663765048,2.0172413793103448,2.764367816091954,0,0.53,26.95,6.36,14.4048516939,,0.0,,,0.0,,,-0.33924359288613026,9.278372259952,0.2314696,0,-0.894939343747196,-1.142049068189771,0.0,-0.7402299041886009,-1.0226846731132633,0.0,-0.09119763119059757,0.0,0.1993579437684637,-0.5251227613808397,其他
002023,海特高新,11.58,38.20754716981132,False,0.4463087739451369,-0.08168120539254553,-0.19020979020979023,-0.055464926590538366,11.75,11.75,11.58,1.4680483592400686,1.764367816091954,2.17816091954023,0,0.1608,92.26,2.74,34.0063231682,,0.8942921373623386,7.314490428858007,True,0.0,,,-0.408177585835537,11.572924822677,0.218234,0,-0.7753154622185353,-1.435425744988221,0.0,-0.7402299041886009,-1.0226846731132633,0.0,-0.042278214735453096,0.0,0.1993579437684637,-0.5306012207783642,其他
600210,紫江企业,7.2,34.67741935483872,False,0.24971161831472233,-0.07335907335907332,-0.09090909090909083,-0.06127770534550192,7.32,7.3,7.2,1.388888888888884,1.8218390804597702,3.022988505747126,0,0.637,83.05,14.994,23.5606063237,预增,-0.7460272674380694,-58.29260098979232,False,0.0,,,-0.15873065441472875,7.293672438608,0.2661288,0,-0.9524211766844853,-1.368749227534028,0.0,-0.7402299041886009,-1.0226846731132633,1.0,0.9449019429037775,0.0,0.1993579437684637,-0.5369327367308386,其他
301127,武汉天源,15.85,36.30470016207456,False,0.5314512950882626,-0.11154708520179368,-0.156017039403621,-0.0676470588235294,16.13,16.1,15.85,1.577287066246068,1.5689655172413794,1.5229885057471266,0,0.21,-26.48,4.13,34.3469650245,,0.0,,,0.0,,,0.5328842280939592,15.836854575956,0.3989216,0,-0.5309126236724515,-1.662125904332478,0.0,-0.7402299041886009,-1.0226846731132633,0.0,-0.4822611838614438,0.0,0.1993579437684637,-0.5446106425912277,其他
300772,运达股份,18.91,56.06694560669458,False,0.4640584217884331,-0.07303921568627447,-0.12776752767527677,-0.027263374485596792,19.74,19.1,18.91,1.00475938656796,2.82183908045977,2.2873563218390807,0,0.3203,-5.76,3.97,9.0845056772,,0.0,,,0.0,,,0.20232829775449312,19.114853701753,0.20652,0,-1.811844940564923,-0.20857782383106546,0.0,-0.7402299041886009,-1.0226846731132633,0.0,-0.39990249275466566,0.0,0.1993579437684637,-0.5600939065705437,其他
600651,飞乐音响,7.35,32.84313725490193,False,0.3491885255906782,-0.09705159705159716,-0.16287015945330297,-0.0379581151832461,7.58,7.45,7.35,1.3605442176870821,1.9885057471264367,3.1551724137931036,0,0.014,40.16,1.43,16.1445946238,,0.0,,,0.0,,,-0.12195641392565607,7.369039105067,0.2731896,0,-1.0158375085804254,-1.1753873269168678,0.0,-0.7402299041886009,-1.0226846731132633,0.0,-0.3651517232121095,0.0,0.1993579437684637,-0.5604214138973668,其他
601375,中原证券,4.19,36.619718309859174,False,0.2099814125967852,-0.05842696629213473,-0.06263982102908261,-0.04555808656036431,4.22,4.25,4.19,1.4319809069212315,1.6436781609195403,3.810344827586207,0,0.0839,138.68,2.74,,,0.0,,,0.0,,,-0.8430756773036578,4.246626733336,0.328978,0,-0.8560101900073328,-1.575446431642027,0.0,-0.7402299041886009,-1.0226846731132633,0.0,0.16647211221947306,0.0,0.1993579437684637,-0.574404317598686,金融
002338,奥普光电,51.91,36.621004566210004,False,0.3164158603159377,-0.0921650926897517,-0.110673291074182,-0.08689533861037824,53.32,52.8,51.91,1.7145058755538445,2.293103448275862,0.6149425287356323,0,0.16,-16.18,2.83,36.4259346688,,0.0,,,0.0,,,-0.3610973082005634,52.828408301351,0.2272736,0,-0.22390911350739115,-0.8220017844096433,0.0,-0.7402299041886009,-1.0226846731132633,0.0,-0.5238462622902655,0.0,-4.983948594211581,-0.5857476684799997,科技
001308,康冠科技,20.0,33.33333333333333,False,0.24632030629433851,-0.09420289855072461,-0.09909909909909909,-0.059708509637987794,21.11,20.26,20.0,1.3000000000000078,1.9425287356321839,1.4252873563218391,0,0.72,-9.92,6.34,12.9547154153,,0.0,,,0.0,,,-0.5777574167788027,20.190817057147,0.185674,0,-1.1512947935102102,-1.2287285408802222,0.0,-0.7402299041886009,-1.0226846731132633,0.0,-0.2583540636872436,0.0,0.1993579437684637,-0.5913175324975624,医药
300443,金雷股份,28.19,58.43478260869567,False,0.3612137629477338,-0.03458904109589034,-0.06686527639854356,-0.01191728005608128,28.47,28.52,28.19,1.1706278822277343,1.9367816091954024,1.0402298850574712,0,0.9584,104.59,4.94,24.6321132785,,1.3388178351545554,22.84662328610421,True,0.0,,,0.6267778647861999,28.275088610032,0.288016,0,-1.4407426795102287,-1.2353961926256414,0.0,-0.7402299041886009,-1.0226846731132633,0.0,0.16193044779436044,0.0,0.1993579437684637,-0.5953517542106489,其他
002839,张家港行,4.43,38.983050847457626,False,0.19392130721891018,-0.04112554112554123,-0.0751565762004176,-0.0327510917030569,4.51,4.48,4.43,1.1286681715575781,1.9482758620689655,3.9597701149425286,0,0.6,5.79,8.15,,,0.0,,,0.0,,,0.14552347838759608,4.451408890675,0.3245468,0,-1.5346203230070103,-1.2220608891348028,0.0,-0.7402299041886009,-1.0226846731132633,0.0,-0.065316797266496,0.0,0.1993579437684637,-0.6443149460194978,其他
600064,南京高科,8.56,34.7826086956522,False,0.24514179287909135,-0.05309734513274322,-0.07258938244853741,-0.027272727272727337,8.66,8.65,8.56,1.0514018691588767,1.971264367816092,2.8620689655172415,0,1.409,32.64,12.73,24.0218053274,,0.0,,,0.0,,,0.12397600674820788,8.631984420186,0.3204096,0,-1.7074903994458097,-1.1953902821531257,0.0,-0.7402299041886009,-1.0226846731132633,0.0,0.3651202733990532,0.0,0.1993579437684637,-0.653854409013858,其他
002936,郑州银行,1.88,39.99999999999999,False,0.11978291335320061,-0.030927835051546393,-0.03589743589743588,-0.030927835051546393,1.9,1.9,1.88,1.0638297872340436,2.028735632183908,4.7011494252873565,0,0.25,1.56,5.055,,,-1.3036317802509394,-53.657338470748975,False,0.0,,,1.0304093692042526,1.892612527482,0.4944484,0,-1.6796850680020554,-1.1287137646989323,0.0,-0.7402299041886009,-1.0226846731132633,0.0,-0.293618414691325,0.0,0.1993579437684637,-0.6793154412743353,金融
002993,奥海科技,45.0,36.13312202852613,False,0.3811865224935989,-0.10304963125373734,-0.13875598086124397,-0.03516295025728988,45.59,45.7,45.0,1.555555555555562,1.9080459770114944,0.5459770114942529,0,1.3,19.32,7.26,20.0067962406,,0.0,,,0.0,,,-0.23362285764052057,44.696700449908,0.2517492,0,-0.5795331451361713,-1.2687344513527379,0.0,-0.7402299041886009,-1.0226846731132633,0.0,-0.06465299783618193,0.0,-4.983948594211581,-0.6932794759038269,科技
600155,华创云信,6.54,39.423076923076934,False,0.21277154521932273,-0.061692969870875136,-0.061692969870875136,-0.04664723032069973,6.56,6.61,6.54,1.0703363914373132,1.7011494252873562,3.1206896551724137,0,0.09,89.74,1.03,,,-1.8716695309672233,-85.61522166598587,False,0.0,,,-0.9480255930705973,6.617549803734,0.3088272,0,-1.6651276590015294,-1.5087699141878337,0.0,-0.7402299041886009,-1.0226846731132633,0.0,-0.16923831569160844,0.0,0.1993579437684637,-0.7514223025663153,其他
